<?xml version="1.0" encoding="UTF-8"?>
<!DOCTYPE fontscolors PUBLIC "-//NetBeans//DTD Editor Fonts and Colors settings 1.1//EN" "http://www.netbeans.org/dtds/EditorFontsColors-1_1.dtd">
<fontscolors>
    <fontcolor name="error" waveUnderlined="red"/>
    <fontcolor foreColor="ffce7b00" name="char"/>
    <fontcolor foreColor="green" name="keyword"/>
    <fontcolor foreColor="black" name="whitespace"/>
    <fontcolor default="keyword" name="markup-element"/>
    <fontcolor foreColor="orange" name="number"/>
    <fontcolor name="url" underline="blue"/>
    <fontcolor foreColor="orange" name="operator"/>
    <fontcolor default="identifier" foreColor="ff009900" name="field"/>
    <fontcolor bgColor="black" foreColor="cyan" name="default">
        <font name="Monospaced" size="11"/>
    </fontcolor>
    <fontcolor foreColor="ffce7b00" name="string"/>
    <fontcolor default="default" name="entity-reference">
        <font style="bold"/>
    </fontcolor>
    <fontcolor default="string" name="markup-attribute-value"/>
    <fontcolor default="identifier" name="method"/>
    <fontcolor foreColor="ff009933" name="comment">
        <font style="bold"/>
    </fontcolor>
    <fontcolor foreColor="ff0099ff" name="identifier"/>
    <fontcolor name="separator"/>
    <fontcolor default="field" name="markup-attribute"/>
</fontscolors>
