<?xml version="1.0" encoding="UTF-8"?>
<!DOCTYPE bindings PUBLIC "-//NetBeans//DTD Editor KeyBindings settings 1.1//EN" "http://www.netbeans.org/dtds/EditorKeyBindings-1_1.dtd">
<bindings>
    <bind actionName="complete-line" key="D-SEMICOLON"/>
    <bind actionName="complete-line-newline" key="SD-SEMICOLON"/>
    <bind actionName="cpp-next-marked-occurrence" key="O-DOWN"/>
    <bind actionName="cpp-prev-marked-occurrence" key="O-UP"/>
    <bind actionName="cpp-switch-header-source" key="SD-A"/>
    <bind actionName="goto-implementation" key="DO-B"/>
    <bind actionName="in-place-refactoring" key="D-R"/>
    <bind actionName="toggle-comment" key="SD-C"/>
    <bind actionName="toggle-comment" key="D-SLASH"/>
</bindings>
