<?xml version="1.0" encoding="UTF-8"?>
<!DOCTYPE editor-preferences PUBLIC "-//NetBeans//DTD Editor Preferences 1.0//EN" "http://www.netbeans.org/dtds/EditorPreferences-1_0.dtd">
<editor-preferences>
    <entry javaType="java.lang.String" name="code-template-expand-key" xml:space="preserve">
        <value><![CDATA[TAB]]></value>
    </entry>
    <entry javaType="java.lang.Boolean" name="completion-case-sensitive" xml:space="preserve">
        <value><![CDATA[true]]></value>
    </entry>
    <entry javaType="java.lang.Boolean" name="expand-tabs" xml:space="preserve">
        <value><![CDATA[false]]></value>
    </entry>
    <entry javaType="java.lang.Boolean" name="javadoc-popup-next-to-cc" xml:space="preserve">
        <value><![CDATA[true]]></value>
    </entry>
    <entry javaType="java.lang.Boolean" name="pair-characters-completion" xml:space="preserve">
        <value><![CDATA[false]]></value>
    </entry>
    <entry javaType="java.lang.Integer" name="tab-size" xml:space="preserve">
        <value><![CDATA[4]]></value>
    </entry>
    <entry javaType="java.lang.Integer" name="text-limit-width" xml:space="preserve">
        <value><![CDATA[0]]></value>
    </entry>
</editor-preferences>
