<?xml version="1.0" encoding="UTF-8"?>
<!DOCTYPE bindings PUBLIC "-//NetBeans//DTD Editor KeyBindings settings 1.1//EN" "http://www.netbeans.org/dtds/EditorKeyBindings-1_1.dtd">
<bindings>
    <bind actionName="adjust-caret-bottom" key="SO-PAGE_DOWN"/>
    <bind actionName="adjust-caret-center" key="SO-INSERT"/>
    <bind actionName="adjust-caret-top" key="SO-PAGE_UP"/>
    <bind actionName="all-completion-show" key="DO-BACK_SLASH"/>
    <bind actionName="all-completion-show" key="DO-SPACE"/>
    <bind actionName="annotations-cycling" key="SO-C"/>
    <bind actionName="caret-backward" key="KP_LEFT"/>
    <bind actionName="caret-backward" key="LEFT"/>
    <bind actionName="caret-begin" key="D-HOME"/>
    <bind actionName="caret-begin-line" key="HOME"/>
    <bind actionName="caret-down" key="DOWN"/>
    <bind actionName="caret-down" key="KP_DOWN"/>
    <bind actionName="caret-end" key="D-END"/>
    <bind actionName="caret-end-line" key="END"/>
    <bind actionName="caret-forward" key="KP_RIGHT"/>
    <bind actionName="caret-forward" key="RIGHT"/>
    <bind actionName="caret-next-word" key="D-RIGHT"/>
    <bind actionName="caret-next-word" key="D-KP_RIGHT"/>
    <bind actionName="caret-previous-word" key="D-LEFT"/>
    <bind actionName="caret-previous-word" key="D-KP_LEFT"/>
    <bind actionName="caret-up" key="UP"/>
    <bind actionName="caret-up" key="KP_UP"/>
    <bind actionName="collapse-all-folds" key="SD-SUBTRACT"/>
    <bind actionName="collapse-all-folds" key="SD-MINUS"/>
    <bind actionName="collapse-fold" key="D-MINUS"/>
    <bind actionName="collapse-fold" key="D-SUBTRACT"/>
    <bind actionName="completion-show" key="D-SPACE"/>
    <bind actionName="completion-show" key="D-BACK_SLASH"/>
    <bind actionName="copy-selection-else-line-down" key="SD-DOWN"/>
    <bind actionName="copy-selection-else-line-down" key="SD-KP_DOWN"/>
    <bind actionName="copy-selection-else-line-up" key="SD-KP_UP"/>
    <bind actionName="copy-selection-else-line-up" key="SD-UP"/>
    <bind actionName="copy-to-clipboard" key="D-INSERT"/>
    <bind actionName="copy-to-clipboard" key="COPY"/>
    <bind actionName="copy-to-clipboard" key="D-C"/>
    <bind actionName="cut-to-clipboard" key="S-DELETE"/>
    <bind actionName="cut-to-clipboard" key="CUT"/>
    <bind actionName="cut-to-clipboard" key="D-X"/>
    <bind actionName="delete-next" key="DELETE"/>
    <bind actionName="delete-previous" key="BACK_SPACE"/>
    <bind actionName="delete-previous" key="S-BACK_SPACE"/>
    <bind actionName="documentation-show" key="SD-SPACE"/>
    <bind actionName="documentation-show" key="SD-BACK_SLASH"/>
    <bind actionName="expand-all-folds" key="SD-ADD"/>
    <bind actionName="expand-all-folds" key="SD-PLUS"/>
    <bind actionName="expand-all-folds" key="SD-EQUALS"/>
    <bind actionName="expand-fold" key="D-EQUALS"/>
    <bind actionName="expand-fold" key="D-PLUS"/>
    <bind actionName="expand-fold" key="D-ADD"/>
    <bind actionName="find-next" key="F3"/>
    <bind actionName="find-previous" key="S-F3"/>
    <bind actionName="find-selection" key="D-F3"/>
    <bind actionName="format" key="SO-F"/>
    <bind actionName="generate-code" key="O-INSERT"/>
    <bind actionName="goto" key="D-G"/>
    <bind actionName="goto-declaration" key="D-B"/>
    <bind actionName="incremental-search-forward" key="FIND"/>
    <bind actionName="incremental-search-forward" key="D-F"/>
    <bind actionName="insert-break" key="ENTER"/>
    <bind actionName="insert-tab" key="TAB"/>
    <bind actionName="jump-list-last-edit" key="D-Q"/>
    <bind actionName="jump-list-next" key="O-KP_RIGHT"/>
    <bind actionName="jump-list-next" key="O-RIGHT"/>
    <bind actionName="jump-list-prev" key="O-LEFT"/>
    <bind actionName="jump-list-prev" key="O-KP_LEFT"/>
    <bind actionName="match-brace" key="D-OPEN_BRACKET"/>
    <bind actionName="move-selection-else-line-down" key="SO-DOWN"/>
    <bind actionName="move-selection-else-line-down" key="SO-KP_DOWN"/>
    <bind actionName="move-selection-else-line-up" key="SO-UP"/>
    <bind actionName="move-selection-else-line-up" key="SO-KP_UP"/>
    <bind actionName="page-down" key="PAGE_DOWN"/>
    <bind actionName="page-up" key="PAGE_UP"/>
    <bind actionName="paste-formated" key="SD-V"/>
    <bind actionName="paste-from-clipboard" key="S-INSERT"/>
    <bind actionName="paste-from-clipboard" key="D-V"/>
    <bind actionName="paste-from-clipboard" key="PASTE"/>
    <bind actionName="redo" key="SD-Z"/>
    <bind actionName="redo" key="D-Y"/>
    <bind actionName="remove-line" key="D-E"/>
    <bind actionName="remove-tab" key="S-TAB"/>
    <bind actionName="remove-word-next" key="D-DELETE"/>
    <bind actionName="remove-word-previous" key="D-BACK_SPACE"/>
    <bind actionName="replace" key="D-H"/>
    <bind actionName="scroll-down" key="D-KP_UP"/>
    <bind actionName="scroll-down" key="D-UP"/>
    <bind actionName="scroll-up" key="D-DOWN"/>
    <bind actionName="scroll-up" key="D-KP_DOWN"/>
    <bind actionName="select-all" key="D-A"/>
    <bind actionName="select-identifier" key="SO-J"/>
    <bind actionName="selection-backward" key="S-LEFT"/>
    <bind actionName="selection-backward" key="S-KP_LEFT"/>
    <bind actionName="selection-begin" key="SD-HOME"/>
    <bind actionName="selection-begin-line" key="S-HOME"/>
    <bind actionName="selection-down" key="S-KP_DOWN"/>
    <bind actionName="selection-down" key="S-DOWN"/>
    <bind actionName="selection-end" key="SD-END"/>
    <bind actionName="selection-end-line" key="S-END"/>
    <bind actionName="selection-forward" key="S-KP_RIGHT"/>
    <bind actionName="selection-forward" key="S-RIGHT"/>
    <bind actionName="selection-match-brace" key="SD-OPEN_BRACKET"/>
    <bind actionName="selection-next-word" key="SD-KP_RIGHT"/>
    <bind actionName="selection-next-word" key="SD-RIGHT"/>
    <bind actionName="selection-page-down" key="S-PAGE_DOWN"/>
    <bind actionName="selection-page-up" key="S-PAGE_UP"/>
    <bind actionName="selection-previous-word" key="SD-KP_LEFT"/>
    <bind actionName="selection-previous-word" key="SD-LEFT"/>
    <bind actionName="selection-up" key="S-UP"/>
    <bind actionName="selection-up" key="S-KP_UP"/>
    <bind actionName="shift-line-left" key="SO-LEFT"/>
    <bind actionName="shift-line-left" key="SO-KP_LEFT"/>
    <bind actionName="shift-line-right" key="SO-RIGHT"/>
    <bind actionName="shift-line-right" key="SO-KP_RIGHT"/>
    <bind actionName="split-line" key="D-ENTER"/>
    <bind actionName="start-new-line" key="S-ENTER"/>
    <bind actionName="switch-case" key="D-U$S"/>
    <bind actionName="to-lower-case" key="D-U$L"/>
    <bind actionName="to-upper-case" key="D-U$U"/>
    <bind actionName="toggle-highlight-search" key="SO-H"/>
    <bind actionName="toggle-typing-mode" key="INSERT"/>
    <bind actionName="tooltip-show" key="D-P"/>
    <bind actionName="undo" key="D-Z"/>
    <bind actionName="undo" key="UNDO"/>
    <bind actionName="word-match-next" key="SD-K"/>
    <bind actionName="word-match-prev" key="D-K"/>
</bindings>
